scenario,hero_count,blocked_stages,gold_blocked_stages,progression_blocked_stages,total_summons,total_ascensions,total_upgrades,total_seconds,final_team_power,final_gold,worst_normal_stage,worst_normal_ttk_seconds,worst_boss_stage,worst_boss_ttk_seconds
baseline-five-summons,4,0,0,0,400,345,17442,110037.176678438358899076,6.78015248618868098936342e+792,8.55445247017737141109125e+794,9234,9.9996968730456369284296,565,29.9947685247174574019226
unlucky-common-start,4,0,0,0,400,346,17492,110151.917331283005498647,6.78015248618868098936342e+792,8.55445247017737141109125e+794,133,9.99977016133436491855561,995,29.9854437420357969996346
solo-common,1,7418,0,7418,400,82,4149,1.39326882962407988007066e+71,2.00264433458856518422017e+731,1.12665134646528438068288e+795,9874,8.04640365063487237575621e+69,9875,4.82784219038092342545373e+70
