scenario,hero_count,blocked_stages,gold_blocked_stages,progression_blocked_stages,total_summons,pity_triggers,maximum_summon_pity,total_ascensions,total_upgrades,total_seconds,final_team_power,final_gold,worst_normal_stage,worst_normal_ttk_seconds,worst_boss_stage,worst_boss_ttk_seconds
baseline-three-summons,8,0,0,0,400,0,67,458,23291,432326.84504845445229156,8.1692360591297005681946e+792,1.54638977316090320030484e+795,1004,70.6529164796984587871702,1215,54.9965415367276628228688
unlucky-common-start,8,0,0,0,400,0,67,458,23291,432470.18624178450178357,8.1692360591297005681946e+792,1.54638977316090320030484e+795,1004,72.7615145082830635392335,1215,54.9965415367276628228688
adversarial-rng-pity,2,0,0,0,400,5,79,103,5199,426585.848982252743451278,1.28716954289080421349046e+793,1.38051473516894395297905e+795,1004,65.0888979506705787537777,3430,54.9911745119519411944503
solo-common,1,6835,0,6835,400,0,67,85,4299,2.07974284364089550754237e+47,5.19149792432878033643366e+757,1.89538255232526563837374e+795,9899,2.40293901765203595014735e+46,9900,4.97454529791651766736202e+46
