scenario,hero_count,blocked_stages,total_upgrades,total_seconds,final_team_power,final_gold,worst_normal_stage,worst_normal_ttk_seconds,worst_boss_stage,worst_boss_ttk_seconds
baseline-five-summons,5,0,22457,122606.350821603377080772,6.3616244034149994354697e+792,8.7218637032868440326483e+794,9269,9.99938617989030646258897,250,29.999980048381298407577
five-common,5,0,22472,126377.394381563940565851,6.78015232469230202990856e+792,8.55445253477592299487328e+794,9159,9.99956280920628946962358,3890,29.9962549292960142823762
solo-common,1,0,4499,108214.697212762853213437,8.58113028593869475660304e+792,7.83406135027736590419753e+794,9304,9.99934598710907068281544,4035,29.9956045157702857937038
