scenario,hero_count,blocked_stages,gold_blocked_stages,progression_blocked_stages,total_summons,total_ascensions,total_upgrades,total_seconds,final_team_power,final_gold,worst_normal_stage,worst_normal_ttk_seconds,worst_boss_stage,worst_boss_ttk_seconds
baseline-three-summons,4,0,0,0,400,234,11895,428385.546623902503630134,1.14415070479182596754698e+793,1.48348829860020829005799e+795,1219,65.635801573471046827056,1215,54.9965417952523634474525
unlucky-common-start,4,0,0,0,400,234,11895,428551.025703927380418906,1.14415070479182596754698e+793,1.48348829860020829005799e+795,1004,67.453958058538536545118,1215,54.9965417952523634474525
solo-common,1,6303,0,6303,400,86,4349,4.01529406754694254064674e+29,3.31021069486864139739992e+766,1.89538255232526563837374e+795,9674,3.67250493962521426586076e+28,9675,7.60279060133572313457611e+28
