scenario,hero_count,blocked_stages,gold_blocked_stages,progression_blocked_stages,total_summons,total_ascensions,total_upgrades,total_seconds,final_team_power,final_gold,worst_normal_stage,worst_normal_ttk_seconds,worst_boss_stage,worst_boss_ttk_seconds
baseline-three-summons,4,0,0,0,400,236,11995,296475.400752812822940789,1.14415070479182596754698e+793,1.06396571158629200455758e+795,1334,44.2295293599962424240737,215,39.9961855565942337743202
unlucky-common-start,4,0,0,0,400,236,11995,296529.510555981958643192,1.14415070479182596754698e+793,1.06396571158629200455758e+795,1334,44.2295293599962424240737,215,39.9961855565942337743202
solo-common,1,8673,0,8673,400,80,4049,3.18791519671617412724168e+82,4.92581300243578104543606e+713,1.47585996531134935287334e+795,9899,2.98805578539381264835225e+81,9900,6.46055533360605509463396e+81
