scenario,hero_count,blocked_stages,gold_blocked_stages,progression_blocked_stages,total_summons,pity_triggers,maximum_summon_pity,total_ascensions,total_upgrades,total_seconds,final_team_power,final_gold,worst_normal_stage,worst_normal_ttk_seconds,worst_boss_stage,worst_boss_ttk_seconds
baseline-three-summons,8,0,0,0,400,0,67,458,23291,432283.776423046433845076,8.1692360591297005681946e+792,1.54613396004889984626257e+795,1004,70.8710032461038264683816,1445,54.9745578306460457369718
unlucky-common-start,8,0,0,0,400,0,67,458,23291,432197.219670297115828557,8.1692360591297005681946e+792,1.54613396004889984626257e+795,1004,72.9382332539521769809124,1000,54.9953419252895436734916
adversarial-rng-pity,2,0,0,0,400,5,79,103,5199,425415.217602735904318906,1.28716954289080421349046e+793,1.38218248917092173672011e+795,8649,65.5979511435028961991239,5685,54.9980306140300409718381
solo-common,1,6838,0,6838,400,0,67,85,4299,2.09127050489011951477322e+47,5.19149792432878033643366e+757,1.89705030632724342211481e+795,9899,2.42688567693311142773545e+46,9900,5.00765473623870753387484e+46
